﻿<?xml version="1.0" encoding="utf-8" ?>

<Defs>
  <FleshTypeDef>
    <defName>Flesh_RaceName</defName>
    <corpseCategory>CorpsesHumanlike</corpseCategory>
    <!-- <corpseCategory>CorpsesMechanoid</corpseCategory> -->
	<!-- 
    <ateDirect>AteInsectMeatDirect</ateDirect>
    <ateAsIngredient>AteInsectMeatAsIngredient</ateAsIngredient>
    <corpseCategory>CorpsesInsect</corpseCategory>
	-->
    <wounds> <!-- R170 G14 B16 -->
      <li>
        <texture>Things/Pawn/Wounds/RaceNameWoundA</texture>
        <color>0.667,0.055,0.063</color>
      </li>
      <li>
        <texture>Things/Pawn/Wounds/RaceNameWoundB</texture>
        <color>0.667,0.055,0.063</color>
      </li>
      <li>
        <texture>Things/Pawn/Wounds/RaceNameWoundC</texture>
        <color>0.667,0.055,0.063</color>
      </li>
    </wounds>
  </FleshTypeDef>

</Defs>
