﻿<?xml version="1.0" encoding="utf-8"?>
<ModMetaData>
<!-- name, author and description are the important tags to change -->
	<name>Basic Alien (Human) Race Template</name>
	<author>Ogliss</author>
	<url></url>
	<supportedVersions>
        <li>1.2</li>
	</supportedVersions>
	<packageId>Ogliss.HumanoidAlienRaceTemplate</packageId>
	<description>basic humanlike alien race template
	 </description>
    <modDependencies>
      <li>
        <packageId>erdelf.HumanoidAlienRaces</packageId>
        <displayName>Humanoid Alien Races 2.0</displayName>
        <steamWorkshopUrl>steam://url/CommunityFilePage/839005762</steamWorkshopUrl>
        <downloadUrl>https://github.com/RimWorld-CCL-Reborn/AlienRaces</downloadUrl>
      </li>
    </modDependencies>
  <loadAfter>
    <li>erdelf.HumanoidAlienRaces</li>
  </loadAfter>
</ModMetaData>