<?xml version="1.0" encoding="utf-8" ?>
<Defs>


<AlienRace.RaceSettings>
    <defName>RaceName_Settings</defName>
     <pawnKindSettings>
            <alienslavekinds>
                <li>
                    <kindDefs>
                        <li>RaceNameSlave</li>
                    </kindDefs>
                    <chance>40.0</chance>
                </li>
            </alienslavekinds>
            <alienrefugeekinds> <!-- pawnkinds listed here will show up as chased refugees for the event -->
                <li>
                    <kindDefs>
                        <li>RaceNameRefugee</li>
                    </kindDefs>
                    <chance>50.0</chance>
                </li>
            </alienrefugeekinds>
			<startingColonists>
				<li>
				<pawnKindEntries>
					<li>
                    <kindDefs>
                        <li>RaceNamePlayerColonist</li>
                    </kindDefs>
                    <chance>10.0</chance>
					</li>
				</pawnKindEntries>
					<factionDefs>
						<li>RaceNamePlayerColony</li> 
					</factionDefs>
				</li>
			</startingColonists>
            <alienwandererkinds> <!-- pawnkinds listed here will show up as wanders that join your colony for the event -->
                <li>
                    <pawnKindEntries>
                        <li>
                            <kindDefs>
								<li>RaceName_Colonist</li>
                            </kindDefs>
                            <chance>50.0</chance>
                        </li>
                    </pawnKindEntries>
                    <factionDefs>
                        <li>RaceNamePlayerColony</li> 
                    </factionDefs>
                </li>
            </alienwandererkinds>
        </pawnKindSettings>
  </AlienRace.RaceSettings>


<ThingDef Name="BaseRaceNamePawn" Abstract="True">
    <thingClass>Pawn</thingClass>
    <category>Pawn</category>
    <selectable>true</selectable>
    <tickerType>Normal</tickerType>
    <altitudeLayer>Pawn</altitudeLayer>
    <useHitPoints>false</useHitPoints>
    <hasTooltip>true</hasTooltip>
    <soundImpactDefault>BulletImpact_Flesh</soundImpactDefault>
    <statBases>
      <Mass>70</Mass>
    </statBases>
    <inspectorTabs>
      <li>ITab_Pawn_Health</li>
      <li>ITab_Pawn_Needs</li>
      <li>ITab_Pawn_Character</li>
      <li>ITab_Pawn_Training</li>
      <li>ITab_Pawn_Gear</li>
      <li>ITab_Pawn_Guest</li>
      <li>ITab_Pawn_Prisoner</li>
      <li>ITab_Pawn_Social</li>
      <li>ITab_Pawn_Log</li>
      <li>ITab_Pawn_FormingCaravan</li>
    </inspectorTabs>
    <comps>
      <li>
        <compClass>CompAttachBase</compClass>
      </li>
    </comps>
    <drawGUIOverlay>true</drawGUIOverlay>
  </ThingDef>

<AlienRace.ThingDef_AlienRace ParentName="BaseRaceNamePawn">
    <defName>Alien_RaceName</defName>
    <label>RaceName</label>
    <description>A baseline human, mostly unmodified by gene engineering and mostly unchanged by evolutionary pressures on non-Earth planets.</description>
    <alienRace>
        <graphicPaths>
			<!-- This tells the game to look in the folder MODFOLER/Textures/Things/Pawn/Heads/ for Images -->
            <!-- -->
			<li>
                <head>Things/Pawn/Humanlike/Heads/</head>
                <body>Things/Pawn/Humanlike/Bodies/</body>
                <skeleton>Things/Pawn/Humanlike/Bodies/Dessicated/Dessicated_Male</skeleton>
                <skull>Things/Pawn/Humanlike/Heads/Skull/Skull</skull>
            </li>
			<!-- -->
        </graphicPaths>
        <generalSettings>
            <humanRecipeImport>true</humanRecipeImport>
            <maleGenderProbability>0.5</maleGenderProbability>
            <immuneToAge>false</immuneToAge>
			<!-- -->
            <forcedRaceTraitEntries>

            </forcedRaceTraitEntries>
			<disallowedTraits>
				<li>
					<defName>Cannibal</defName>
				</li>
            </disallowedTraits>
            <alienPartGenerator>
				<!-- game looks for files in the <head> path named aliencrowntypes_south, _east, _north (And _west, if present, it is not required though) (If genderedHeads is enabled suffix should me _Male_south or _Female_south)(Masks use the same nameing convetion but with an m at the end e.g. _southm)-->
                <aliencrowntypes>
                    <li>Average_Normal</li>
                    <li>Average_Pointy</li>
                    <li>Average_Wide</li>
                    <li>Narrow_Normal</li>
                    <li>Narrow_Pointy</li>
                    <li>Narrow_Wide</li>
                </aliencrowntypes>
				<!-- game looks for files in the <body> path named alienbodytypes_south, _east, _north (And _west, if present, it is not required though) (If genderedHeads is enabled suffix should me _Male_south or _Female_south)(Masks use the same nameing convetion but with an m at the end e.g. _southm)-->
                <alienbodytypes>
                <li>Thin</li>
                <li>Male</li>
                <li>Hulk</li>
                <li>Fat</li>
                <li>Female</li>
                </alienbodytypes>
				<bodyAddons>
					<li>
					  <path>Things/Pawn/Humanlike/Eldar/Heads/Ears/EarL</path>
					  <bodyPart>left ear</bodyPart>
					  <inFrontOfBody>true</inFrontOfBody>
					  <drawnInBed>true</drawnInBed>
					  <layerOffset>-0.27</layerOffset>
					  <offsets>
						  <south>
							<bodyTypes>
								<Male>(-0.42,0.5)</Male>
								<Female>(-0.42,0.5)</Female>
							</bodyTypes>
							<crownTypes>
								<Average_Normal>(-0.0,0.0)</Average_Normal>
								<Narrow_Normal>(0.0,0.0)</Narrow_Normal>
								<Average_Wide>(0.02,0.0)</Average_Wide>
								<Average_Pointy>(-0.0,0.0)</Average_Pointy>
							</crownTypes>
						  </south>
						  <north>
							<bodyTypes>
								<Male>(0,0.9)</Male>
								<Female>(0,0.9)</Female>
							</bodyTypes>
							<crownTypes>
								<Average_Normal>(0,0.0)</Average_Normal>
								<Narrow_Normal>(0,0.0)</Narrow_Normal>
								<Average_Wide>(0,0.0)</Average_Wide>
								<Average_Pointy>(0,0.0)</Average_Pointy>
							</crownTypes>
						  </north>
						  <east>
							<bodyTypes>
								<Male>(-0.48,0.5)</Male>
								<Female>(-0.48,0.5)</Female>
							</bodyTypes>
							<crownTypes>
								<Average_Normal>(-0.0,0.0)</Average_Normal>
								<Narrow_Normal>(-0.0,0.0)</Narrow_Normal>
								<Average_Wide>(-0.0,0.0)</Average_Wide>
								<Average_Pointy>(-0.0,0.0)</Average_Pointy>
							</crownTypes>
						  </east>
					  </offsets>
						<colorChannel>skin</colorChannel>
					  <hiddenUnderApparelFor>
						<li>FullHead</li>
						<li>UpperHead</li>
					  </hiddenUnderApparelFor>
					</li>
					<li>
					  <path>Things/Pawn/Humanlike/Eldar/Heads/Ears/EarR</path>
					  <bodyPart>right ear</bodyPart>
					  <inFrontOfBody>true</inFrontOfBody>
					  <drawnInBed>true</drawnInBed>
					  <layerOffset>-0.27</layerOffset>
					  <offsets>
						  <south>
							<bodyTypes>
								<Male>(-0.42,0.5)</Male>
								<Female>(-0.42,0.5)</Female>
							</bodyTypes>
							<crownTypes>
								<Average_Normal>(-0.0,0.0)</Average_Normal>
								<Female_Narrow_Normal>(0.01,0.0)</Female_Narrow_Normal>
								<Narrow_Normal>(0.02,0.0)</Narrow_Normal>
								<Average_Wide>(-0.01,0.0)</Average_Wide>
								<Average_Pointy>(-0.0,0.0)</Average_Pointy>
							</crownTypes>
						  </south>
						  <north>
							<bodyTypes>
								<Male>(0,0.9)</Male>
								<Female>(0,0.9)</Female>
							</bodyTypes>
							<crownTypes>
								<Average_Normal>(-0.0,0.0)</Average_Normal>
								<Narrow_Normal>(-0.0,0.0)</Narrow_Normal>
								<Average_Wide>(-0.0,0.0)</Average_Wide>
								<Average_Pointy>(-0.0,0.0)</Average_Pointy>
							</crownTypes>
						  </north>
						  <east>
							<bodyTypes>
								<Male>(-0.48,0.5)</Male>
								<Female>(-0.48,0.5)</Female>
							</bodyTypes>
							<crownTypes>
								<Average_Normal>(-0.0,0.0)</Average_Normal>
								<Narrow_Normal>(-0.0,0.0)</Narrow_Normal>
								<Average_Wide>(-0.0,0.0)</Average_Wide>
								<Average_Pointy>(-0.0,0.0)</Average_Pointy>
							</crownTypes>
						  </east>
					  </offsets>
						<colorChannel>skin</colorChannel>
					  <hiddenUnderApparelFor>
						<li>FullHead</li>
						<li>UpperHead</li>
					  </hiddenUnderApparelFor>
					</li>
				</bodyAddons>
				<colorChannels>
					<li>
						<name>skin</name>
						<first Class="ColorGenerator_Options">
							<options>
								<li>
									<weight>10</weight>
									<only>RGBA(0.9412,0.851,0.7804,1)</only>
								</li>
							</options>
						</first>
						<!--second Class="ColorGenerator_Options">
							<options>
								<li>
									<weight>10</weight>
									<only>RGBA(0.500, 1.000, 0.000, 1.000)</only>
								</li>
							</options>
						</second-->
					</li>
				</colorChannels>
            </alienPartGenerator>
            <chemicalSettings>
			<!--
                <li>
                    <chemical>Smokeleaf</chemical>
                    <reactions>
                        <li Class="IngestionOutcomeDoer_GiveHediff">
                                <hediff>LungFailure</hediff>
                                <severity>0.75</severity>
                        </li>
                    </reactions>
                </li>
                <li>
                    <chemical>Luciferium</chemical>
                    <ingestible>false</ingestible>
                </li>
			-->
            </chemicalSettings>
        </generalSettings>
        <hairSettings>
            <hasHair>true</hasHair>
            <getsGreyAt>70</getsGreyAt> 
            <hairTags>
                 <li>Rural</li>
            </hairTags>
        </hairSettings>
        <relationSettings>
            <relationChanceModifierChild>1.1</relationChanceModifierChild>
            <relationChanceModifierExLover>1</relationChanceModifierExLover>
            <relationChanceModifierExSpouse>1</relationChanceModifierExSpouse>
            <relationChanceModifierFiance>1.1</relationChanceModifierFiance>
            <relationChanceModifierLover>1.05</relationChanceModifierLover>
            <relationChanceModifierParent>1</relationChanceModifierParent>
            <relationChanceModifierSibling>1</relationChanceModifierSibling>
            <relationChanceModifierSpouse>1.1</relationChanceModifierSpouse>
        </relationSettings>
		 <thoughtSettings>
    <cannotReceiveThoughts>
	
    </cannotReceiveThoughts>
	</thoughtSettings>
        <raceRestriction>
            <researchList>
                <li>
                    <projects> <!-- list the defname of any project that Only this race can reseach -->
					<!-- <li>RaceName_Reseach_ProjectA</li> -->
					<!-- <li>RaceName_Reseach_ProjectB</li> -->
					<!-- <li>RaceName_Reseach_ProjectC</li> -->
                    </projects>
                    <apparelList> <!-- list the defname of any apparel that this race requires to wear to reseach -->
					<!-- <li>RaceName_Reseach_Apparel</li> -->
                    </apparelList>
                </li>
            </researchList>
			<apparelList> <!-- list the defname of any apparel that Only this race can wear -->
				<!-- <li>RaceName_ApparelA</li> -->
				<!-- <li>RaceName_ApparelB</li> -->
				<!-- <li>RaceName_ApparelC</li> -->
			</apparelList>
            <recipeList> <!-- list the defname of any recipie that Only this race can do -->
				<!-- <li>RaceName_ApparelA</li> -->
				<!-- <li>RaceName_ApparelB</li> -->
				<!-- <li>RaceName_ApparelC</li> -->
				<!-- <li>RaceName_Reseach_Apparel</li> -->
				<!-- <li>RaceName_WeaponA</li> -->
				<!-- <li>RaceName_WeaponB</li> -->
				<!-- <li>RaceName_WeaponC</li> -->
            </recipeList>
        </raceRestriction>
    </alienRace>
	<statBases>
      <MarketValue>1750</MarketValue>
      <MoveSpeed>4.6</MoveSpeed>
      <Flammability>1.0</Flammability>
      <ComfyTemperatureMin>16</ComfyTemperatureMin>
      <ComfyTemperatureMax>26</ComfyTemperatureMax>
      <LeatherAmount>50</LeatherAmount>
		<!--
		<MarketValue>2000</MarketValue>
		<Flammability>0.3</Flammability>
		<ComfyTemperatureMin>13</ComfyTemperatureMin>
		<ComfyTemperatureMax>22</ComfyTemperatureMax>
		<LeatherAmount>55</LeatherAmount>
        <CarryingCapacity>100</CarryingCapacity>
		<PsychicSensitivity>1.00</PsychicSensitivity>
		<MiningSpeed>1.0</MiningSpeed>
		<ShootingAccuracyPawn>1.00</ShootingAccuracyPawn>
		<AimingDelayFactor>-0.00</AimingDelayFactor>
		<MentalBreakThreshold>0.025</MentalBreakThreshold>
        <ImmunityGainSpeed>1.00</ImmunityGainSpeed>
        <PainShockThreshold>0.85</PainShockThreshold>
        <ForagedNutritionPerDay>1.0</ForagedNutritionPerDay>
        <GlobalLearningFactor>1.00</GlobalLearningFactor>
        <MeleeDodgeChance>1.00</MeleeDodgeChance>
        <MeleeHitChance>1.00</MeleeHitChance>
        <UnskilledLaborSpeed>1.00</UnskilledLaborSpeed>
        <ButcheryFleshSpeed>1.00</ButcheryFleshSpeed>
        <ButcheryFleshEfficiency>1.00</ButcheryFleshEfficiency>
        <SmeltingSpeed>1.0</SmeltingSpeed>
        <SmithingSpeed>1.0</SmithingSpeed>
        <TailoringSpeed>1.0</TailoringSpeed>
        <NegotiationAbility>1.0</NegotiationAbility>
        <SocialImpact>1.0</SocialImpact>
        <TradePriceImprovement>1.0</TradePriceImprovement>
		-->
    </statBases>
        <tools>
      <li>
        <label>left fist</label>
        <capacities>
          <li>Blunt</li>
        </capacities>
        <power>8.2</power>
        <cooldownTime>2</cooldownTime>
        <linkedBodyPartsGroup>LeftHand</linkedBodyPartsGroup>
        <surpriseAttack>
          <extraMeleeDamages>
            <li>
              <def>Stun</def>
              <amount>14</amount>
            </li>
          </extraMeleeDamages>
        </surpriseAttack>
      </li>
      <li>
        <label>right fist</label>
        <capacities>
          <li>Blunt</li>
        </capacities>
        <power>8.2</power>
        <cooldownTime>2</cooldownTime>
        <linkedBodyPartsGroup>RightHand</linkedBodyPartsGroup>
        <surpriseAttack>
          <extraMeleeDamages>
            <li>
              <def>Stun</def>
              <amount>14</amount>
            </li>
          </extraMeleeDamages>
        </surpriseAttack>
      </li>
      <li>
        <label>teeth</label>
        <capacities>
          <li>Bite</li>
        </capacities>
        <power>8.2</power>
        <cooldownTime>2</cooldownTime>
        <linkedBodyPartsGroup>Teeth</linkedBodyPartsGroup>
        <chanceFactor>0.07</chanceFactor>
      </li>
      <li>
        <label>head</label>
        <capacities>
          <li>Blunt</li>
        </capacities>
        <power>5</power>
        <cooldownTime>2</cooldownTime>
        <linkedBodyPartsGroup>HeadAttackTool</linkedBodyPartsGroup>
        <ensureLinkedBodyPartsGroupAlwaysUsable>true</ensureLinkedBodyPartsGroupAlwaysUsable>
        <chanceFactor>0.2</chanceFactor>
      </li>
    </tools>
    <race>
      <thinkTreeMain>Humanlike</thinkTreeMain>
      <thinkTreeConstant>HumanlikeConstant</thinkTreeConstant>
      <intelligence>Humanlike</intelligence>
      <makesFootprints>true</makesFootprints>
      <lifeExpectancy>80</lifeExpectancy>
      <leatherDef>Leather_RaceName</leatherDef>
	  <fleshType>Flesh_RaceName</fleshType>
      <!-- 
	  <nameCategory>HumanStandard</nameCategory>
      -->
	  <nameGenerator>NamerRaceNameMale</nameGenerator>
      <nameGeneratorFemale>NamerRaceNameFemale</nameGeneratorFemale>
      <!-- 
	  <body>Human</body>
      -->
	  <body>RaceName</body>
      <bloodDef>Filth_Blood_RaceName</bloodDef>	
      <meatColor>(0, 0, 128)</meatColor>
      <baseBodySize>1.1</baseBodySize>
      <baseHealthScale>1.25</baseHealthScale>
      <foodType>OmnivoreHuman</foodType>
      <gestationPeriodDays>45</gestationPeriodDays>
      <litterSizeCurve>
        <points>
          <li>(0.5, 0)</li>
          <li>(1, 1)</li>
          <li>(1.01, 0.02)</li>
          <li>(3.5, 0)</li>
        </points>
      </litterSizeCurve>
      <lifeStageAges>
        <li>
          <def>HumanlikeBaby</def>
          <minAge>0</minAge>
        </li>
        <li>
          <def>HumanlikeToddler</def>
          <minAge>1.2</minAge>
        </li>
        <li>
          <def>HumanlikeChild</def>
          <minAge>4</minAge>
        </li>
        <li>
          <def>HumanlikeTeenager</def>
          <minAge>13</minAge>
        </li>
        <li>
          <def>HumanlikeAdult</def>
          <minAge>18</minAge>
        </li>
      </lifeStageAges>
      <soundMeleeHitPawn>Pawn_Melee_Punch_HitPawn</soundMeleeHitPawn>
      <soundMeleeHitBuilding>Pawn_Melee_Punch_HitBuilding</soundMeleeHitBuilding>
      <soundMeleeMiss>Pawn_Melee_Punch_Miss</soundMeleeMiss>
      <specialShadowData>
        <volume>(0.3, 0.8, 0.4)</volume>
        <offset>(0,0,-0.3)</offset>
      </specialShadowData>
      <ageGenerationCurve>
        <points>
          <li>(14,0)</li>
          <li>(16,100)</li>
          <li>(50,100)</li>
          <li>(60,30)</li>
          <li>(70,18)</li>
          <li>(80,10)</li>
          <li>(90,3)</li>
          <li>(100,0)</li>
        </points>
      </ageGenerationCurve>
      <hediffGiverSets>
        <li>OrganicStandard</li>
        <li>Human</li>
      </hediffGiverSets>
    </race>
    <recipes>
       <li>InstallArchotechEye</li>
      <li>InstallArchotechArm</li>
      <li>InstallArchotechLeg</li>
      <li>InstallPowerClaw</li>
      <li>InstallBionicEye</li>
      <li>InstallBionicArm</li>
      <li>InstallBionicLeg</li>
      <li>InstallBionicSpine</li>
      <li>InstallBionicHeart</li>
      <li>InstallBionicStomach</li>
      <li>InstallBionicEar</li>
      <li>InstallSimpleProstheticArm</li>
      <li>InstallSimpleProstheticLeg</li>
      <li>InstallSimpleProstheticHeart</li>
      <li>InstallCochlearImplant</li>
      <li>InstallPegLeg</li>
      <li>InstallDenture</li>
      <li>InstallJoywire</li>
      <li>InstallPainstopper</li>
      <li>InstallNaturalHeart</li>
      <li>InstallNaturalLung</li>
      <li>InstallNaturalKidney</li>
      <li>InstallNaturalLiver</li>
      <li>ExciseCarcinoma</li>
      <li>RemoveBodyPart</li>
      <li>Euthanize</li>
      <li>Anesthetize</li>
    </recipes>
</AlienRace.ThingDef_AlienRace>

</Defs>