<?xml version="1.0" encoding="utf-8"?>
<Defs>
<!-- ========================== Child - Blank ========================== -->
  <AlienRace.BackstoryDef>
    <defName>RaceName_BaseChild</defName>
    <title>Runt</title>
    <baseDescription>[PAWN_nameDef] is a diminutive member of the [PAWN_alienRace]. As such, [PAWN_possessive] days are spent doing the most meanial tasks, [PAWN_pronoun] tries to avoid drawing attention to [PAWN_objective]self.</baseDescription>
    <bodyTypeGlobal>Male</bodyTypeGlobal>
    <bodyTypeMale>Male</bodyTypeMale>
    <bodyTypeFemale>Female</bodyTypeFemale>
	<slot>Childhood</slot>
	<!--
    <bioAgeRange>
        <min>0</min>
        <max>80</max>
    </bioAgeRange>
	  -->
	<!--
    <chronoAgeRange>
        <min>0</min>
        <max>1000</max>
    </chronoAgeRange>
	  -->
    <workDisables>
	<!--
      <li>Violent</li>
      <li>Cleaning</li>
      <li>Artistic</li>
      <li>Caring</li>
      <li>Intellectual</li>
      <li>Social</li>
      <li>Cooking</li>
	  <li>ManualDumb</li>
      <li>ManualSkilled</li>
      <li>Animals</li>
      <li>PlantWork</li>
      <li>Firefighting</li>
      <li>Mining</li>
			<li>Hauling</li>
			<li>Crafting</li>
	  -->
    </workDisables>
	<forcedTraits>
	<!--
        <li>
            <defName>Brawler</defName>
            <chance>50</chance>
        </li>
	  -->
    </forcedTraits>
	<disallowedTraits>
	<!--
        <li>
            <defName>ShootingAccuracy</defName>
        </li>
		<li>
			<defName>Beauty</defName>
			<degree>1</degree>
        </li>
	  -->
    </disallowedTraits>
    <skillGains>
	<!--
      <li>
        <defName>Shooting</defName>
        <amount>0</amount>
      </li>
      <li>
        <defName>Melee</defName>
        <amount>0</amount>
      </li>
      <li>
        <defName>Construction</defName>
        <amount>0</amount>
      </li>
      <li>
        <defName>Mining</defName>
        <amount>0</amount>
      </li>
      <li>
        <defName>Cooking</defName>
        <amount>0</amount>
      </li>
      <li>
        <defName>Plants</defName>
        <amount>0</amount>
      </li>
      <li>
        <defName>Animals</defName>
        <amount>0</amount>
      </li>
      <li>
        <defName>Crafting</defName>
        <amount>0</amount>
      </li>
      <li>
        <defName>Medicine</defName>
        <amount>0</amount>
      </li>
      <li>
        <defName>Social</defName>
        <amount>0</amount>
      </li>
      <li>
        <defName>Intellectual</defName>
        <amount>0</amount>
      </li>
	  -->
    </skillGains>
	<forcedHediffs>
    <!--  <li>hediffName</li>  -->
    </forcedHediffs>
    <relationSettings>
       
    </relationSettings>
    <forcedItems>
	<!--
      <Luciferium>7~25</Luciferium>
	  -->
    </forcedItems>
    <spawnCategories>
      <li>RaceName_Standard</li>
      <li>RaceName_BaseChild</li>
    </spawnCategories>
  </AlienRace.BackstoryDef>
 
<!-- ========================== Adult - Military - Leader ========================== -->
  <AlienRace.BackstoryDef>
    <defName>RaceName_Leader</defName>
    <title>Boss</title>
    <titleShort>Boss</titleShort>
	<linkedBackstory>RaceName_BaseChild</linkedBackstory>
    <baseDescription>[PAWN_nameDef] has achieved the rank of boss by being bigger and tougher than all [PAWN_possessive] competition.</baseDescription>
    <bodyTypeGlobal>Hulk</bodyTypeGlobal>
    <bodyTypeMale>Hulk</bodyTypeMale>
    <bodyTypeFemale>Hulk</bodyTypeFemale>
    <slot>Adulthood</slot>
    <workDisables>
	
    </workDisables>
    <requiredWorkTags>
      <li>Violent</li>
    </requiredWorkTags>
	<forcedTraits>
		<li>
			<defName>Tough</defName>
			<chance>75</chance>
		</li>
    </forcedTraits>
    <skillGains>
      <li>
        <defName>Shooting</defName>
        <amount>6</amount>
      </li>
      <li>
        <defName>Melee</defName>
        <amount>6</amount>
      </li>
      <li>
        <defName>Social</defName>
        <amount>6</amount>
      </li>
    </skillGains>
	<forcedHediffs>
      <li>BionicSpine</li> 
      <li>BionicLeg</li> 
      <li>BionicLeg</li> 
      <li>BionicArm</li> 
      <li>PowerClaw</li> 
      <li>BionicHeart</li> 
      <li>BionicStomach</li> 
      <li>BionicEar</li> 
      <li>BionicEar</li> 
      <li>ArchotechEye</li> 
      <li>ArchotechEye</li>
    </forcedHediffs>
    <spawnCategories>
      <li>RaceName_Standard</li>
      <li>RaceName_Military</li>
      <li>RaceName_Leader</li>
    </spawnCategories>
  </AlienRace.BackstoryDef>
 
<!-- ========================== Adult - Military - Basic ========================== -->
  <AlienRace.BackstoryDef>
    <defName>RaceName_Grunt</defName>
    <title>Grunt</title>
    <titleShort>Grunt</titleShort>
	<linkedBackstory>RaceName_BaseChild</linkedBackstory>
    <baseDescription>[PAWN_nameDef] has a knack for using guns. [PAWN_pronoun] is motto is: Less talk, more Shooting</baseDescription>
    <bodyTypeGlobal>Male</bodyTypeGlobal>
    <bodyTypeMale>Male</bodyTypeMale>
    <bodyTypeFemale>Female</bodyTypeFemale>
	<slot>Adulthood</slot>
    <workDisables>
	
    </workDisables>
    <requiredWorkTags>
      <li>Violent</li>
    </requiredWorkTags>
	<forcedTraits>
        <li>
            <defName>ShootingAccuracy</defName>
			<degree>-1</degree>
            <chance>50</chance>
        </li>
    </forcedTraits>
	<disallowedTraits>
        <li>
            <defName>Brawler</defName>
        </li>
    </disallowedTraits>
    <skillGains>
      <li>
        <defName>Shooting</defName>
        <amount>4</amount>
      </li>
    </skillGains>
    <spawnCategories>
      <li>RaceName_Standard</li>
      <li>RaceName_Military</li>
      <li>RaceName_Soldier</li>
    </spawnCategories>
  </AlienRace.BackstoryDef>

<!-- ========================== Adult - Military - Sniper ========================== -->
  <AlienRace.BackstoryDef>
    <defName>RaceName_Sniper</defName>
    <title>sharpshooter</title>
    <titleShort>Sniper</titleShort>
	<linkedBackstory>RaceName_BaseChild</linkedBackstory>
    <baseDescription>[PAWN_nameDef] has a knack for using guns. [PAWN_pronoun] is more accurate than your average [PAWN_alienRace].</baseDescription>
    <bodyTypeGlobal>Male</bodyTypeGlobal>
    <bodyTypeMale>Male</bodyTypeMale>
    <bodyTypeFemale>Female</bodyTypeFemale>
	<slot>Adulthood</slot>
    <workDisables>
	
    </workDisables>
    <requiredWorkTags>
      <li>Violent</li>
    </requiredWorkTags>
	<forcedTraits>
        <li>
            <defName>ShootingAccuracy</defName>
			<degree>1</degree>
        </li>
    </forcedTraits>
	<disallowedTraits>
        <li>
            <defName>Brawler</defName>
        </li>
    </disallowedTraits>
    <skillGains>
      <li>
        <defName>Shooting</defName>
        <amount>4</amount>
      </li>
    </skillGains>
	<forcedHediffs>
      <li>BionicEye</li> 
      <li>BionicEye</li>  
    </forcedHediffs>
    <spawnCategories>
      <li>RaceName_Standard</li>
      <li>RaceName_Military</li>
      <li>RaceName_Sniper</li>
    </spawnCategories>
  </AlienRace.BackstoryDef>

<!-- ========================== Adult - Military - Melee ========================== -->
  <AlienRace.BackstoryDef>
    <defName>RaceName_Brawler</defName>
    <title>Brawler</title>
    <titleShort>Brawler</titleShort>
	<linkedBackstory>RaceName_BaseChild</linkedBackstory>
    <baseDescription>[PAWN_nameDef] is earning his place in [PAWN_alienRace] society by being a terrific close-range fighter.</baseDescription>
    <bodyTypeGlobal>Male</bodyTypeGlobal>
    <bodyTypeMale>Male</bodyTypeMale>
    <bodyTypeFemale>Female</bodyTypeFemale>
	<slot>Adulthood</slot>
    <workDisables>
	
    </workDisables>
    <requiredWorkTags>
      <li>Violent</li>
    </requiredWorkTags>
	<forcedTraits>
        <li>
            <defName>Brawler</defName>
            <chance>50</chance>
        </li>
    </forcedTraits>
	<disallowedTraits>
        <li>
            <defName>ShootingAccuracy</defName>
        </li>
    </disallowedTraits>
    <skillGains>
      <li>
        <defName>Melee</defName>
        <amount>4</amount>
      </li>
      <li>
        <defName>Shooting</defName>
        <amount>-4</amount>
      </li>
    </skillGains>
	<forcedHediffs>
      <li>PowerClaw</li> 
      <li>BionicSpine</li>  
    </forcedHediffs>
    <spawnCategories>
      <li>RaceName_Standard</li>
      <li>RaceName_Military</li>
      <li>RaceName_Brawler</li>
    </spawnCategories>
  </AlienRace.BackstoryDef>
 
<!-- ========================== Adult - Civilian - Cook ========================== -->
  <AlienRace.BackstoryDef>
    <defName>RaceName_Cook</defName>
    <title>Cook</title>
    <titleShort>Cook</titleShort>
    <baseDescription>[PAWN_nameDef] has developed a talent at cooking [PAWN_alienRace] delicacies with ease.</baseDescription>
    <bodyTypeGlobal>Male</bodyTypeGlobal>
    <bodyTypeMale>Male</bodyTypeMale>
    <bodyTypeFemale>Female</bodyTypeFemale>
	<slot>Adulthood</slot>
    <workDisables>
	
    </workDisables>
    <requiredWorkTags>
      <li>ManualSkilled</li>
      <li>Cooking</li>
    </requiredWorkTags>
    <skillGains>
      <li>
        <defName>Cooking</defName>
        <amount>6</amount>
      </li>
    </skillGains>
    <spawnCategories>
      <li>RaceName_Standard</li>
      <li>RaceName_Civilian</li>
      <li>RaceName_Cook</li>
    </spawnCategories>
  </AlienRace.BackstoryDef>

<!-- ========================== Adult - Civilian - Negotiator ========================== -->
  <AlienRace.BackstoryDef>
    <defName>RaceName_Negotiator</defName>
    <title>Negotiator</title>
    <titleShort>Negotiator</titleShort>
	<linkedBackstory>RaceName_BaseChild</linkedBackstory>
    <baseDescription>[PAWN_nameDef] is infamous for [PAWN_possessive] quick wit, silver tounge and ability to cut a deal.</baseDescription>
	<bodyTypeGlobal>Male</bodyTypeGlobal>
    <bodyTypeMale>Male</bodyTypeMale>
    <bodyTypeFemale>Female</bodyTypeFemale>
	<slot>Adulthood</slot>
    <workDisables>
	
    </workDisables>
    <requiredWorkTags>
      <li>Social</li>
    </requiredWorkTags>
    <skillGains>
      <li>
        <defName>Social</defName>
        <amount>4</amount>
      </li>
      <li>
        <defName>Melee</defName>
        <amount>2</amount>
      </li>
    </skillGains>
    <spawnCategories>
      <li>RaceName_Standard</li>
      <li>RaceName_Civilian</li>
      <li>RaceName_Negotiator</li>
    </spawnCategories>
  </AlienRace.BackstoryDef>

<!-- ========================== Adult - Civilian - Shepard ========================== -->
  <AlienRace.BackstoryDef>
    <defName>RaceName_Shepard</defName>
    <title>Shepard</title>
    <titleShort>Shepard</titleShort>
    <baseDescription>[PAWN_nameDef] is known for [PAWN_possessive] skill in handling animals.</baseDescription>
    <bodyTypeGlobal>Male</bodyTypeGlobal>
    <bodyTypeMale>Male</bodyTypeMale>
    <bodyTypeFemale>Female</bodyTypeFemale>
	<slot>Adulthood</slot>
    <workDisables>
	
    </workDisables>
    <requiredWorkTags>
      <li>Animals</li>
    </requiredWorkTags>
    <skillGains>
      <li>
        <defName>Animals</defName>
        <amount>6</amount>
      </li>
    </skillGains>
    <spawnCategories>
      <li>RaceName_Standard</li>
      <li>RaceName_Civilian</li>
      <li>RaceName_Shepard</li>
    </spawnCategories>
  </AlienRace.BackstoryDef>

<!-- ========================== Adult - Civilian - Farmer ========================== -->
  <AlienRace.BackstoryDef>
    <defName>RaceName_Farmer</defName>
    <title>Farmer</title>
    <titleShort>Farmer</titleShort>
    <baseDescription>[PAWN_nameDef] is known for [PAWN_possessive] green thumb.</baseDescription>
    <bodyTypeGlobal>Male</bodyTypeGlobal>
    <bodyTypeMale>Male</bodyTypeMale>
    <bodyTypeFemale>Female</bodyTypeFemale>
	<slot>Adulthood</slot>
    <workDisables>
	
    </workDisables>
    <requiredWorkTags>
      <li>ManualSkilled</li>
      <li>PlantWork</li>
    </requiredWorkTags>
    <skillGains>
      <li>
        <defName>Plants</defName>
        <amount>6</amount>
      </li>
    </skillGains>
    <spawnCategories>
      <li>RaceName_Standard</li>
      <li>RaceName_Civilian</li>
      <li>RaceName_Farmer</li>
    </spawnCategories>
  </AlienRace.BackstoryDef>

<!-- ========================== Adult - Civilian - Miner ========================== -->
  <AlienRace.BackstoryDef>
    <defName>RaceName_Miner</defName>
    <title>Miner</title>
    <titleShort>Miner</titleShort>
    <baseDescription>[PAWN_nameDef] is known for [PAWN_possessive] carefuly carved tunnels.</baseDescription>
    <bodyTypeGlobal>Male</bodyTypeGlobal>
    <bodyTypeMale>Male</bodyTypeMale>
    <bodyTypeFemale>Female</bodyTypeFemale>
	<slot>Adulthood</slot>
    <workDisables>
	
    </workDisables>
    <requiredWorkTags>
      <li>ManualSkilled</li>
      <li>Mining</li>
    </requiredWorkTags>
    <skillGains>
      <li>
        <defName>Mining</defName>
        <amount>6</amount>
      </li>
    </skillGains>
    <spawnCategories>
      <li>RaceName_Standard</li>
      <li>RaceName_Civilian</li>
      <li>RaceName_Miner</li>
    </spawnCategories>
  </AlienRace.BackstoryDef>
  
<!-- ========================== Adult - Civilian - Engineer ========================== -->
  <AlienRace.BackstoryDef>
    <defName>RaceName_Engineer</defName>
    <title>Engineer</title>
    <titleShort>Engineer</titleShort>
	<linkedBackstory>RaceName_BaseChild</linkedBackstory>
    <baseDescription>[PAWN_nameDef] is an Engineer. With an knack for knowing which bits go where when it comes to technology.</baseDescription>
    <bodyTypeGlobal>Male</bodyTypeGlobal>
    <bodyTypeMale>Male</bodyTypeMale>
    <bodyTypeFemale>Female</bodyTypeFemale>
	<slot>Adulthood</slot>
    <workDisables>
	
    </workDisables>
    <requiredWorkTags>
      <li>Crafting</li>
      <li>ManualSkilled</li>
      <li>Intellectual</li>
    </requiredWorkTags>
    <skillGains>
      <li>
        <defName>Crafting</defName>
        <amount>4</amount>
      </li>
      <li>
        <defName>Intellectual</defName>
        <amount>4</amount>
      </li>
      <li>
        <defName>Construction</defName>
        <amount>3</amount>
      </li>
      <li>
        <defName>Melee</defName>
        <amount>-4</amount>
      </li>
    </skillGains>
    <spawnCategories>
      <li>RaceName_Standard</li>
      <li>RaceName_Civilian</li>
      <li>RaceName_Engineer</li>
    </spawnCategories>
  </AlienRace.BackstoryDef>
  
<!-- ========================== Adult - Civilian - Doctor ========================== -->
  <AlienRace.BackstoryDef>
    <defName>RaceName_Doctor</defName>
    <title>Doctor</title>
    <titleShort>Doctor</titleShort>
	<linkedBackstory>RaceName_BaseChild</linkedBackstory>
    <baseDescription>[PAWN_nameDef] is a Doctor. With an knack for knowing which bits go where when it comes to stitching the wounded back togeather.</baseDescription>
    <bodyTypeGlobal>Male</bodyTypeGlobal>
    <bodyTypeMale>Male</bodyTypeMale>
    <bodyTypeFemale>Female</bodyTypeFemale>
	<slot>Adulthood</slot>
    <workDisables>
	
    </workDisables>
    <requiredWorkTags>
      <li>Caring</li>
      <li>Intellectual</li>
      <li>Social</li>
    </requiredWorkTags>
    <skillGains>
      <li>
        <defName>Medicine</defName>
        <amount>4</amount>
      </li>
      <li>
        <defName>Intellectual</defName>
        <amount>3</amount>
      </li>
      <li>
        <defName>Social</defName>
        <amount>2</amount>
      </li>
      <li>
        <defName>Melee</defName>
        <amount>1</amount>
      </li>
      <li>
        <defName>Shooting</defName>
        <amount>-5</amount>
      </li>
    </skillGains>
    <spawnCategories>
      <li>RaceName_Standard</li>
      <li>RaceName_Civilian</li>
      <li>RaceName_Doctor</li>
    </spawnCategories>
  </AlienRace.BackstoryDef>
  
<!-- ========================== Adult - Civilian - Scientist ========================== -->
  <AlienRace.BackstoryDef>
    <defName>RaceName_Scientist</defName>
    <title>Scientist</title>
    <titleShort>Scientist</titleShort>
	<linkedBackstory>RaceName_BaseChild</linkedBackstory>
    <baseDescription>[PAWN_nameDef] is a Scientist. With an knack for finding solutions to problems that perplex others.</baseDescription>
    <bodyTypeGlobal>Male</bodyTypeGlobal>
    <bodyTypeMale>Male</bodyTypeMale>
    <bodyTypeFemale>Female</bodyTypeFemale>
	<slot>Adulthood</slot>
    <workDisables>
	
    </workDisables>
    <requiredWorkTags>
      <li>Intellectual</li>
    </requiredWorkTags>
    <skillGains>
      <li>
        <defName>Medicine</defName>
        <amount>2</amount>
      </li>
      <li>
        <defName>Intellectual</defName>
        <amount>6</amount>
      </li>
      <li>
        <defName>Social</defName>
        <amount>-2</amount>
      </li>
      <li>
        <defName>Melee</defName>
        <amount>-5</amount>
      </li>
      <li>
        <defName>Shooting</defName>
        <amount>-5</amount>
      </li>
    </skillGains>
    <spawnCategories>
      <li>RaceName_Standard</li>
      <li>RaceName_Civilian</li>
      <li>RaceName_Scientist</li>
    </spawnCategories>
  </AlienRace.BackstoryDef>

<!-- ========================== Adult - Misc - Mad ========================== -->
  <AlienRace.BackstoryDef>
    <defName>RaceName_Mad</defName>
    <title>Lunatic</title>
    <titleShort>Lunatic</titleShort>
	<linkedBackstory>RaceName_BaseChild</linkedBackstory>
    <baseDescription>[PAWN_nameDef] is mad as a hatter. With an intellect as thick as [PAWN_pronoun] skull, only the most basic tasks are suitable for this specimen.</baseDescription>
	<bodyTypeGlobal>Male</bodyTypeGlobal>
    <bodyTypeMale>Male</bodyTypeMale>
    <bodyTypeFemale>Female</bodyTypeFemale>
	<slot>Adulthood</slot>
    <workDisables>
      <li>Caring</li>
      <li>Social</li>
      <li>Intellectual</li>
      <li>Cooking</li>
      <li>ManualSkilled</li>
      <li>Animals</li>
      <li>Crafting</li>
      <li>Mining</li>
      <li>PlantWork</li>
    </workDisables>
	<forcedTraits>
		<li>
			<defName>Tough</defName>
		</li>
    </forcedTraits>
    <skillGains>
      <li>
        <defName>Shooting</defName>
        <amount>1</amount>
      </li>
      <li>
        <defName>Melee</defName>
        <amount>1</amount>
      </li>
    </skillGains>
    <spawnCategories>
      <li>RaceName_Standard</li>
      <li>RaceName_Misc</li>
      <li>RaceName_Mad</li>
    </spawnCategories>
  </AlienRace.BackstoryDef>
</Defs>