<?xml version="1.0" encoding="UTF-8"?>

<Defs>  

	<!--
   <ThingDef ParentName="BodyPartNaturalBase">
      <defName>FoxTail</defName>
      <label>Fox tail</label>
      <description>A Fox tail.</description>
      <graphicData>
         <texPath>Things/Item/Health/HealthItemBionic</texPath>
         <graphicClass>Graphic_Single</graphicClass>
      </graphicData>
      <statBases>
         <MarketValue>20</MarketValue>
         <Mass>1</Mass>
      </statBases>
   </ThingDef>
   
   <ThingDef ParentName="BodyPartNaturalBase">
      <defName>MonkeyTail</defName>
      <label>Monkey tail</label>
      <description>A Monkey tail.</description>
      <graphicData>
         <texPath>Things/Item/Health/HealthItemBionic</texPath>
         <graphicClass>Graphic_Single</graphicClass>
      </graphicData>
      <statBases>
         <MarketValue>20</MarketValue>
         <Mass>1</Mass>
      </statBases>
   </ThingDef>
   
   <ThingDef ParentName="BodyPartNaturalBase">
      <defName>RatTail</defName>
      <label>Rat tail</label>
      <description>A Rat tail.</description>
      <graphicData>
         <texPath>Things/Item/Health/HealthItemBionic</texPath>
         <graphicClass>Graphic_Single</graphicClass>
      </graphicData>
      <statBases>
         <MarketValue>20</MarketValue>
         <Mass>1</Mass>
      </statBases>
   </ThingDef>
   
  <RecipeDef Abstract="True" Name="SurgeryFlesh">
    <effectWorking>Surgery</effectWorking>
    <soundWorking>Recipe_Surgery</soundWorking>
    <workSpeedStat>MedicalOperationSpeed</workSpeedStat>
    <workSkill>Medicine</workSkill>
    <workSkillLearnFactor>16</workSkillLearnFactor>
  </RecipeDef>

  <RecipeDef Name="SurgeryTails" ParentName="SurgeryFlesh" Abstract="True">
  <recipeUsers>
  <li>Alien_RaceName</li>
  </recipeUsers>
  </RecipeDef>
  
 <RecipeDef ParentName="SurgeryTails">
      <defName>InstallFoxTail</defName>
      <label>install Fox tail</label>
      <description>Replace missing or damaged Fox tail.</description>
      <workerClass>Recipe_InstallNaturalBodyPart</workerClass>
      <jobString>Installing Fox tail.</jobString>
      <workAmount>1200</workAmount>
      <ingredients>
         <li>
            <filter>
               <categories>
                  <li>Medicine</li>
               </categories>
            </filter>
            <count>1</count>
         </li>
         <li>
            <filter>
               <thingDefs>
                  <li>FoxTail</li>
               </thingDefs>
            </filter>
            <count>1</count>
         </li>
      </ingredients>
      <fixedIngredientFilter>
         <categories>
            <li>Medicine</li>
         </categories>
         <thingDefs>
            <li>FoxTail</li>
         </thingDefs>
      </fixedIngredientFilter>
      <appliedOnFixedBodyParts>
         <li>Waist</li>
      </appliedOnFixedBodyParts>
      <addsHediff>FoxTailMutation</addsHediff>
   </RecipeDef>
   
 <RecipeDef ParentName="SurgeryTails">
      <defName>InstallMonkeyTail</defName>
      <label>install Monkey tail</label>
      <description>Replace missing or damaged Monkey tail.</description>
      <workerClass>Recipe_InstallNaturalBodyPart</workerClass>
      <jobString>Installing Monkey tail.</jobString>
      <workAmount>1200</workAmount>
      <ingredients>
         <li>
            <filter>
               <categories>
                  <li>Medicine</li>
               </categories>
            </filter>
            <count>1</count>
         </li>
         <li>
            <filter>
               <thingDefs>
                  <li>MonkeyTail</li>
               </thingDefs>
            </filter>
            <count>1</count>
         </li>
      </ingredients>
      <fixedIngredientFilter>
         <categories>
            <li>Medicine</li>
         </categories>
         <thingDefs>
            <li>MonkeyTail</li>
         </thingDefs>
      </fixedIngredientFilter>
      <appliedOnFixedBodyParts>
         <li>Waist</li>
      </appliedOnFixedBodyParts>
      <addsHediff>MonkeyTailMutation</addsHediff>
   </RecipeDef>
   
 <RecipeDef ParentName="SurgeryTails">
      <defName>InstallRatTail</defName>
      <label>install Rat tail</label>
      <description>Replace missing or damaged Rat tail.</description>
      <workerClass>Recipe_InstallNaturalBodyPart</workerClass>
      <jobString>Installing Rat tail.</jobString>
      <workAmount>1200</workAmount>
      <ingredients>
         <li>
            <filter>
               <categories>
                  <li>Medicine</li>
               </categories>
            </filter>
            <count>1</count>
         </li>
         <li>
            <filter>
               <thingDefs>
                  <li>RatTail</li>
               </thingDefs>
            </filter>
            <count>1</count>
         </li>
      </ingredients>
      <fixedIngredientFilter>
         <categories>
            <li>Medicine</li>
         </categories>
         <thingDefs>
            <li>RatTail</li>
         </thingDefs>
      </fixedIngredientFilter>
      <appliedOnFixedBodyParts>
         <li>Waist</li>
      </appliedOnFixedBodyParts>
      <addsHediff>RatTailMutation</addsHediff>
   </RecipeDef>
	  -->

</Defs> 